{"cameraMode":{"drawMode":0,"name":"Shaded","section":"Shading Mode"},"sceneLighting":true,"audioPlay":false,"sceneViewState":{"showFog":true,"showMaterialUpdate":false,"showSkybox":true,"showFlares":true,"showImageEffects":true,"showParticleSystems":true},"in2DMode":false,"pivot":{"x":1.8732740879058838,"y":1.8394484519958497,"z":3.128803253173828},"rotation":{"x":0.0901818722486496,"y":0.016422487795352937,"z":-0.0014350905548781157,"w":0.9958563446998596},"size":23.672374725341798,"orthographic":false}